ID,1958,1959,1960,1961,1962,1963,1964,1965,1966,1967,1968,1969,1970,1971,1972,Data Source,Metric,Technology Name,Spatial Scale,Country Name,Country Code,Unit
Ethanol_Price_World,39.37920571594527,40.12351689251479,43.409766340096155,43.449175827304735,44.42428518682249,43.93924160944231,45.09773793363462,41.20577133351331,42.33213141092013,41.17699150697337,39.53530382285947,38.404677119587284,39.71536776242456,35.6416378758358,31.348533841920123,PCDB,Price,Ethanol,Global,World,World,2022 USD/lb
Ethanol_Annual production_World,221.7,230.3,248.0,253.7,248.8,261.8,284.4,297.5,285.0,278.6,286.7,337.9,307.6,251.4,244.6,PCDB,Annual production,Ethanol,Global,World,World,million pounds
