ID,1957,1958,1959,1960,1961,1962,1963,1964,1965,1966,1967,1968,1969,1970,1971,1972,Data Source,Metric,Technology Name,Spatial Scale,Country Name,Country Code,Unit
Methanol_Price_World,29.084267297894975,25.87734850483876,26.545241233279587,25.652521145036985,25.32283389417012,24.259311803865387,24.480434610278106,20.384492365658286,22.256770830248524,22.54533407563314,21.198023589325445,17.764083127931954,17.60296471181065,18.077643998594677,11.864566743729291,8.46894853903994,PCDB,Price,Methanol,Global,World,World,2022 USD/lb
Methanol_Annual production_World,229.4,214.5,265.3,296.5,307.7,336.1,352.0,396.9,432.7,493.0,517.7,575.8,634.4,743.8,746.6,976.1,PCDB,Annual production,Methanol,Global,World,World,million pounds
