ID,1957,1958,1959,1960,1961,1962,1963,1964,1965,1966,1967,1968,Data Source,Metric,Technology Name,Spatial Scale,Country Name,Country Code,Unit
Paraxylene_Price_World,1.377869080779944,1.259766016713092,1.0629275766016713,1.0629275766016713,0.984192200557103,0.8660891364902507,0.6613771587743732,0.6456300835654596,0.6456300835654596,0.5511476323119777,0.5511476323119777,0.448791643454039,PCDB,Price,Paraxylene,Global,World,World,2022 USD
Paraxylene_Annual production_World,,105.0,160.0,210.0,290.0,200.0,300.0,300.0,470.0,480.0,600.0,1400.0,PCDB,Annual production,Paraxylene,Global,World,World,million pounds
