ID,1953,1954,1955,1956,1957,1958,1959,1960,1961,1962,1963,1964,1965,1966,1967,1968,Data Source,Metric,Technology Name,Spatial Scale,Country Name,Country Code,Unit
Ethylene_Price_World,0.41729749303621166,0.4094239554317548,0.4094239554317548,0.401550417827298,0.37792980501392753,0.37005626740947073,0.36218272980501387,0.35430919220055707,0.35430919220055707,0.37005626740947073,0.37005626740947073,0.3385621169916434,0.28344735376044566,0.28344735376044566,0.26770027855153206,0.2047119777158774,PCDB,Price,Ethylene,Global,World,World,2022 USD
Ethylene_Annual production_World,,2.3,3.0,3.6,3.9,4.1,5.1,5.23,5.87,6.3,7.5,8.6,9.4,11.2,11.8,12.6,PCDB,Annual production,Ethylene,Global,World,World,billion pounds
