ID,1962,1963,1964,1965,1966,1967,1968,1969,1970,1971,1972,Data Source,Metric,Technology Name,Spatial Scale,Country Name,Country Code,Unit
Hydrofluoric Acid_Price_World,101.46683638310652,99.25560824928995,95.56169886297337,96.40595557011835,92.24851040513313,92.28251420800297,95.50791276270711,95.79822402603551,101.36460754372783,101.34017815146451,92.7732164281213,PCDB,Price,Hydrofluoric Acid,Global,World,World,2022 USD/lb
Hydrofluoric Acid_Annual production_World,166.5,188.4,197.3,226.2,267.2,272.8,301.8,327.3,324.9,334.1,352.1,PCDB,Annual production,Hydrofluoric Acid,Global,World,World,million pounds
